,rea_ratio_score,rea_score,imf_score,adg_score,weight,Name,DOB,Days_Old,Weight,ADG,REA,REA_per_100,Backfat,%IMF,Scrotal,scrotal_cm_per_day,Meas_Date,bull_score,Class,Meas_Delta_yr,Meas_Year
1,52,43,51,31,18,Silva's Rockstar (D),2019-06-28,206.0,486.0,2.12,10.32,2.12,0.08,3.94,26.0,0.13,2020-01-20,177,Intermediate Bull Calf,,2020
2,48,49,49,22,32,"Gordon of Blackwatch (AI,D)",2013-05-06,262.0,579.0,2.02,11.821,2.04,0.269,3.908,28.0,0.11,2014-01-23,168,Intermediate Bull Calf,,2014
3,47,40,39,41,20,McQ Limited Edition Corduroy's (D),2019-07-21,183.0,501.0,2.46,10.08,2.01,0.08,3.55,24.0,0.13,2020-01-20,167,Intermediate Bull Calf,,2020
4,37,51,26,49,49,"STR Higher Ground (PV,D)",2022-05-20,248.0,713.0,2.67,12.72,1.78,0.18,2.8,32.0,0.13,2023-01-23,163,Intermediate Bull Calf,,2023
5,43,50,33,34,43,"Windemere Bismark (ET,D)",2013-05-02,266.0,635.0,2.2,12.069,1.9,0.168,3.102,28.0,0.11,2014-01-23,160,Intermediate Bull Calf,,2014
6,20,48,43,47,51,"Trafalgar Finley (ET,D)",2017-05-02,265.0,723.0,2.54,11.51,1.59,0.17,3.68,34.0,0.13,2018-01-22,158,Intermediate Bull Calf,,2018
7,34,42,37,45,34,Silva's Dazzle Kid Rock (D),2023-06-21,215.0,589.0,2.51,10.28,1.75,0.08,3.24,30.0,0.14,2024-01-22,158,Intermediate Bull Calf,,2024
8,39,44,48,23,33,Flatheads Serjen (D),2015-05-01,265.0,586.0,2.02,10.5,1.79,0.12,3.9,30.0,0.11,2016-01-21,154,Intermediate Bull Calf,,2016
9,5,46,50,50,52,"Mid-Lakes Chaos (AI,D)",2023-05-03,264.0,760.0,2.69,10.7,1.41,0.14,3.92,37.0,0.14,2024-01-22,151,Intermediate Bull Calf,,2024
10,27,47,32,44,45,Trafalgar Killian (D),2021-05-28,241.0,655.0,2.51,10.81,1.65,0.16,3.1,30.0,0.12,2022-01-24,150,Intermediate Bull Calf,,2022
11,53,27,45,24,12,BRF Crius (D),2014-07-22,184.0,433.0,2.08,9.19,2.12,0.25,3.72,23.0,0.12,2015-01-22,149,Intermediate Bull Calf,,2015
12,24,53,11,53,53,Mid-Lakes Trickster Edition (D),2022-05-18,250.0,800.0,3.0,13.03,1.63,0.18,2.11,31.0,0.12,2023-01-23,141,Intermediate Bull Calf,,2023
13,44,38,29,29,21,AM Finlay Earrachd of Poncha (D),2023-06-16,220.0,514.0,2.11,9.88,1.92,0.08,2.86,28.0,0.13,2024-01-22,140,Intermediate Bull Calf,,2024
14,38,52,2,46,50,"HVC's War Horse (AI,PV,D)",2025-05-02,265.0,720.0,2.53,12.85,1.78,0.21,1.33,35.0,0.08,2026-01-22,138,Intermediate Bull Calf,,2026
15,14,29,52,43,42,Shat Acres Raisin Cain (D),2013-06-01,236.0,635.0,2.48,9.329,1.47,0.21,4.104,28.0,0.12,2014-01-23,138,Intermediate Bull Calf,,2014
16,19,32,35,51,36,"Mid-Lakes Tantor (AI,PV,D)",2023-07-15,191.0,601.0,2.88,9.55,1.59,0.1,3.19,34.0,0.18,2024-01-22,137,Intermediate Bull Calf,,2024
17,49,20,28,39,8,"Beaverhead's Bratach (AI,D)",2013-08-22,154.0,399.0,2.27,8.253,2.07,0.212,2.837,22.0,0.14,2014-01-23,136,Intermediate Bull Calf,,2014
18,33,34,46,20,28,MVR AlbaAnAigh Duncan (D),2014-05-08,259.0,555.0,1.95,9.59,1.73,0.2,3.79,28.0,0.11,2015-01-22,133,Intermediate Bull Calf,,2015
19,23,45,22,38,44,Flatheads Ben Alter (D),2014-05-02,265.0,648.0,2.26,10.55,1.63,0.08,2.64,32.0,0.12,2015-01-22,128,Intermediate Bull Calf,,2015
20,50,21,47,7,9,Olaf of Hawk Ridge (D),2018-06-19,216.0,401.0,1.62,8.35,2.08,0.16,3.85,23.0,0.11,2019-01-21,125,Intermediate Bull Calf,,2019
21,28,30,31,35,31,"MES Ragnarok (AI,PV,D)",2022-06-06,231.0,566.0,2.23,9.35,1.65,0.08,2.98,33.0,0.14,2023-01-23,124,Intermediate Bull Calf,,2023
22,30,41,20,32,39,"STR Vanderbilt (ET,D)",2019-05-04,261.0,610.0,2.15,10.23,1.68,0.07,2.6,31.0,0.12,2020-01-20,123,Intermediate Bull Calf,,2020
23,15,37,15,52,46,"Mid-Lakes Trailblazer (AI,PV,D)",2024-06-25,212.0,665.0,2.9,9.77,1.47,0.17,2.3,28.0,0.06,2025-01-23,119,Intermediate Bull Calf,,2025
24,46,19,44,8,10,CRR Antarctic Rebel,2015-06-24,211.0,412.0,1.72,8.08,1.96,0.11,3.69,0.0,0.0,2016-01-21,117,Intermediate Bull Calf,,2016
25,26,39,25,26,38,Flatheads Spey (D),2013-05-02,266.0,605.0,2.09,9.906,1.64,0.265,2.781,31.0,0.12,2014-01-23,116,Intermediate Bull Calf,,2014
26,35,28,5,48,22,"Mid-Lakes Take Down (AI,PV,D)",2025-07-27,179.0,520.0,2.63,9.21,1.77,0.14,1.66,31.0,0.09,2026-01-22,116,Intermediate Bull Calf,,2026
27,4,36,34,42,48,Flatheads Brig (D),2019-05-06,259.0,693.0,2.48,9.68,1.4,0.19,3.13,31.0,0.12,2020-01-20,116,Intermediate Bull Calf,,2020
28,45,31,24,11,17,LEA Night Moves (D),2017-05-26,241.0,484.0,1.8,9.38,1.94,0.09,2.77,27.0,0.11,2018-01-22,111,Intermediate Bull Calf,,2018
29,31,25,38,16,25,JAT Big Poppa (D),2023-05-06,261.0,539.0,1.87,9.09,1.69,0.11,3.29,23.0,0.09,2024-01-22,110,Intermediate Bull Calf,,2024
30,32,33,19,21,29,Keltie of Highland Spice (D),2021-05-17,252.0,559.0,2.02,9.55,1.71,0.08,2.56,23.0,0.09,2022-01-24,105,Intermediate Bull Calf,,2022
31,25,5,53,12,6,UCR ZorrowsRockinSteel (D),2017-07-22,184.0,383.0,1.81,6.23,1.63,0.08,4.23,23.0,0.12,2018-01-22,95,Intermediate Bull Calf,,2018
32,13,18,41,19,26,"JAT Calum of the Castle (PV,D)",2023-05-14,253.0,541.0,1.94,7.96,1.47,0.1,3.58,21.0,0.08,2024-01-22,91,Intermediate Bull Calf,,2024
33,22,16,40,13,16,Magic of Camel Creek (D),2023-06-02,234.0,481.0,1.84,7.76,1.61,0.09,3.55,27.0,0.12,2024-01-22,91,Intermediate Bull Calf,,2024
34,12,24,18,36,40,Highland Spice Ninja Pepper (D),2024-05-17,251.0,614.0,2.25,8.93,1.45,0.17,2.37,28.0,0.05,2025-01-23,90,Intermediate Bull Calf,,2025
35,21,35,4,30,37,Skye High Natural Law (D),2024-05-07,261.0,602.0,2.11,9.63,1.6,0.16,1.49,31.0,0.06,2025-01-23,90,Intermediate Bull Calf,,2025
36,40,10,12,27,11,"CTK William Wallace (AI,D)",2015-08-02,172.0,412.0,2.1,7.46,1.81,0.12,2.18,0.0,0.0,2016-01-21,89,Intermediate Bull Calf,,2016
37,10,26,16,37,41,"Flatheads South Fork (PV,D)",2021-05-10,259.0,633.0,2.25,9.12,1.44,0.12,2.31,29.0,0.11,2022-01-24,89,Intermediate Bull Calf,,2022
38,1,17,27,40,47,"PC Moorcroft (AI,PV,D)",2021-05-01,268.0,682.0,2.36,7.77,1.14,0.09,2.83,29.0,0.11,2022-01-24,85,Intermediate Bull Calf,,2022
39,9,11,42,17,23,"Windemere Kingsmark (AI,D)",2021-05-22,247.0,523.0,1.91,7.48,1.43,0.15,3.63,29.0,0.12,2022-01-24,79,Intermediate Bull Calf,,2022
40,18,23,13,25,30,Holy Cross Dominic (D),2021-05-21,248.0,565.0,2.08,8.79,1.56,0.04,2.2,30.0,0.12,2022-01-24,79,Intermediate Bull Calf,,2022
41,11,22,14,28,35,Bennachie's Ogilvie (D),2017-05-07,260.0,596.0,2.1,8.64,1.45,0.23,2.23,28.0,0.11,2018-01-22,75,Intermediate Bull Calf,,2018
42,51,13,6,4,5,"Brassy Acres When In Rome (PV,D)",2025-07-01,205.0,364.0,1.53,7.59,2.09,0.11,1.67,21.0,0.03,2026-01-22,74,Intermediate Bull Calf,,2026
43,3,12,36,18,27,Flatheads Choice (D),2018-05-05,261.0,549.0,1.91,7.53,1.37,0.07,3.21,32.0,0.12,2019-01-21,69,Intermediate Bull Calf,,2019
44,29,15,8,15,15,"STR Arran (AI,PV,D)",2025-06-13,223.0,464.0,1.86,7.74,1.67,0.12,1.97,24.0,0.04,2026-01-22,67,Intermediate Bull Calf,,2026
45,16,14,23,9,19,CBS High Calibre (D),2021-05-11,258.0,496.0,1.73,7.61,1.53,0.09,2.65,26.0,0.1,2022-01-24,62,Intermediate Bull Calf,,2022
46,2,9,17,33,24,"PC Copperhead Road (AI,D)",2018-06-16,219.0,530.0,2.19,7.1,1.34,0.1,2.31,24.0,0.11,2019-01-21,61,Intermediate Bull Calf,,2019
47,42,7,3,5,4,"STR Lachlan (AI,PV,D)",2025-07-11,195.0,351.0,1.54,6.6,1.88,0.1,1.48,23.0,0.04,2026-01-22,57,Intermediate Bull Calf,,2026
48,41,2,10,1,1,Colored Rain Loki (D),2014-06-30,206.0,252.0,0.98,4.71,1.87,0.12,2.1,17.0,0.08,2015-01-22,54,Intermediate Bull Calf,,2015
49,17,8,9,14,13,Holy Cross Winston (D),2014-06-20,216.0,448.0,1.84,6.95,1.55,0.14,2.08,24.0,0.11,2015-01-22,48,Intermediate Bull Calf,,2015
50,36,3,1,2,2,GRZBlueberryHill Thrill Seeker (D),2025-07-05,201.0,276.0,1.12,4.88,1.77,0.13,1.25,22.0,0.04,2026-01-22,42,Intermediate Bull Calf,,2026
51,7,1,30,3,3,TJH Rocky (D),2021-08-05,172.0,300.0,1.45,4.26,1.42,0.07,2.89,25.0,0.15,2022-01-24,41,Intermediate Bull Calf,,2022
52,6,4,21,6,7,Dundonald's Gruaidh (D),2021-06-28,210.0,388.0,1.61,5.47,1.41,0.06,2.64,25.5,0.12,2022-01-24,37,Intermediate Bull Calf,,2022
53,8,6,7,10,14,TBJ's Bocephus (D),2019-06-09,225.0,454.0,1.8,6.5,1.43,0.07,1.95,24.0,0.11,2020-01-20,31,Intermediate Bull Calf,,2020
54,113,103,118,102,61,Double LL Dillon (D),2015-04-23,273.0,654.0,2.21,12.27,1.88,0.12,4.32,27.0,0.1,2016-01-21,436,Junior Bull Calf,,2016
55,115,121,108,87,113,"STR Braden (AI,D)",2013-01-01,387.0,862.0,2.1,16.495,1.91,0.248,3.795,31.0,0.08,2014-01-23,431,Junior Bull Calf,,2014
56,110,104,106,93,71,BRF Mr. Big (D),2013-04-07,291.0,676.0,2.15,12.329,1.82,0.209,3.752,33.0,0.11,2014-01-23,413,Junior Bull Calf,,2014
57,88,107,111,107,97,"STR Double Shot (AI,D)",2015-03-16,311.0,755.0,2.27,12.66,1.68,0.12,3.9,34.0,0.11,2016-01-21,413,Junior Bull Calf,,2016
58,116,113,104,74,82,Skye High Gibraltar (D),2018-03-05,322.0,702.0,2.02,13.62,1.94,0.21,3.69,33.0,0.1,2019-01-21,407,Junior Bull Calf,,2019
59,101,110,75,111,99,"Windemere Duke (AI,D)",2015-03-16,311.0,764.0,2.3,13.31,1.74,0.11,3.05,32.0,0.1,2016-01-21,397,Junior Bull Calf,,2016
60,84,116,110,81,107,"BRF Bernie (ET,D)",2013-01-10,378.0,831.0,2.07,13.896,1.67,0.208,3.85,29.0,0.08,2014-01-23,391,Junior Bull Calf,,2014
61,109,115,34,119,98,Flatheads Dawson (D),2019-04-03,292.0,759.0,2.43,13.69,1.8,0.22,2.52,33.0,0.11,2020-01-20,377,Junior Bull Calf,,2020
62,64,105,90,114,102,"T-Ross Summit Ranch Laydon (ET,PV,D)",2022-03-10,319.0,790.0,2.32,12.44,1.57,0.2,3.4,34.0,0.11,2023-01-23,373,Junior Bull Calf,,2023
63,99,85,121,51,57,Holy Cross Marcus (D),2019-03-15,311.0,647.0,1.92,11.11,1.72,0.16,4.95,28.0,0.09,2020-01-20,356,Junior Bull Calf,,2020
64,114,106,70,65,67,Skye High Freemason (D),2017-03-13,315.0,669.0,1.97,12.59,1.88,0.12,2.97,30.0,0.1,2018-01-22,355,Junior Bull Calf,,2018
65,85,118,33,118,108,SA Dunlin (D),2015-03-01,326.0,832.0,2.4,13.91,1.67,0.18,2.5,29.0,0.09,2016-01-21,354,Junior Bull Calf,,2016
66,58,97,97,101,100,HHH Kodiak (D),2021-02-28,330.0,775.0,2.2,11.94,1.54,0.21,3.49,31.0,0.09,2022-01-24,353,Junior Bull Calf,,2022
67,97,91,105,59,70,Skye High Delagrange (D),2015-03-04,323.0,676.0,1.94,11.55,1.71,0.16,3.7,33.0,0.1,2016-01-21,352,Junior Bull Calf,,2016
68,41,90,94,121,101,RTH Grissom (D),2018-04-17,279.0,790.0,2.65,11.49,1.45,0.2,3.43,35.0,0.13,2019-01-21,346,Junior Bull Calf,,2019
69,91,120,36,98,117,CBS Duncan's Blitz (D),2019-01-05,380.0,877.0,2.18,14.82,1.69,0.19,2.53,36.0,0.09,2020-01-20,345,Junior Bull Calf,,2020
70,117,109,59,58,59,Almosta Farm's Brogan (D),2015-03-17,310.0,650.0,1.94,12.75,1.96,0.11,2.89,30.0,0.1,2016-01-21,343,Junior Bull Calf,,2016
71,104,108,39,91,88,Skye High Convoy (D),2014-03-13,315.0,720.0,2.13,12.66,1.76,0.18,2.55,32.0,0.1,2015-01-22,342,Junior Bull Calf,,2015
72,80,84,102,70,68,"Spring Creek Dusty (AI,D)",2015-03-17,310.0,671.0,2.0,11.06,1.65,0.11,3.68,34.0,0.11,2016-01-21,336,Junior Bull Calf,,2016
73,52,78,119,86,86,Almosta Farm's Baron (D),2018-03-11,316.0,713.0,2.1,10.87,1.52,0.09,4.75,27.0,0.09,2019-01-21,335,Junior Bull Calf,,2019
74,51,119,45,120,120,Viking Fold Haakon (D),2019-02-07,347.0,948.0,2.59,14.28,1.51,0.16,2.6,31.0,0.09,2020-01-20,335,Junior Bull Calf,,2020
75,119,114,42,56,76,Argyll's Jaco (D),2013-02-28,329.0,685.0,1.93,13.625,1.99,0.248,2.579,34.0,0.1,2014-01-23,331,Junior Bull Calf,,2014
76,57,117,40,115,119,"FSH Confucius (ET,PV,D)",2022-01-22,366.0,901.0,2.33,13.9,1.54,0.16,2.56,38.0,0.1,2023-01-23,329,Junior Bull Calf,,2023
77,38,93,120,76,105,"HSC Hudson (AI,D)",2019-01-08,377.0,819.0,2.04,11.71,1.43,0.2,4.76,33.0,0.09,2020-01-20,327,Junior Bull Calf,,2020
78,6,88,114,117,121,"Mid-Lakes BigShot (AI,D)",2023-01-01,386.0,970.0,2.38,11.24,1.16,0.12,4.1,37.0,0.1,2024-01-22,325,Junior Bull Calf,,2024
79,79,63,117,66,49,Holy Cross Jett (D),2019-04-01,294.0,630.0,1.97,10.34,1.64,0.3,4.3,30.0,0.1,2020-01-20,325,Junior Bull Calf,,2020
80,73,111,35,104,109,"Howling Springs Oldham (PV,D)",2025-02-05,351.0,834.0,2.23,13.46,1.61,0.15,2.53,32.0,0.05,2026-01-22,323,Junior Bull Calf,,2026
81,66,95,92,68,92,"BRF Barra (AI,D)",2013-02-07,350.0,745.0,1.99,11.742,1.58,0.164,3.421,29.0,0.08,2014-01-23,321,Junior Bull Calf,,2014
82,71,76,64,110,69,"Liberty of Highland Spice (PV,D)",2022-04-24,274.0,673.0,2.27,10.76,1.6,0.12,2.91,31.0,0.11,2023-01-23,321,Junior Bull Calf,,2023
83,92,58,98,71,37,Bennachie's Jax (D),2018-04-17,279.0,607.0,2.0,10.23,1.69,0.07,3.52,32.0,0.11,2019-01-21,319,Junior Bull Calf,,2019
84,121,73,115,10,12,Basswood 3 o`Dundonald (D),2013-03-23,306.0,528.0,1.56,10.671,2.02,0.124,4.208,27.0,0.09,2014-01-23,319,Junior Bull Calf,,2014
85,107,74,93,39,33,J Bar T's Thor (D),2013-04-01,297.0,602.0,1.86,10.712,1.78,0.194,3.422,29.0,0.1,2014-01-23,313,Junior Bull Calf,,2014
86,93,87,54,78,64,"11M Ranch Fergus (PV,D)",2023-03-28,300.0,661.0,2.04,11.21,1.7,0.1,2.82,31.0,0.1,2024-01-22,312,Junior Bull Calf,,2024
87,72,83,73,84,78,"PellCreeks King Fergus (AI,D)",2013-03-24,305.0,688.0,2.09,11.024,1.6,0.195,3.029,26.0,0.09,2014-01-23,312,Junior Bull Calf,,2014
88,47,80,78,105,95,Skye High Capone (D),2014-03-15,313.0,753.0,2.25,10.98,1.46,0.19,3.13,33.0,0.11,2015-01-22,310,Junior Bull Calf,,2015
89,83,71,80,75,52,Flatheads Glenkinchie (D),2013-04-08,290.0,639.0,2.03,10.627,1.66,0.248,3.212,34.0,0.12,2014-01-23,309,Junior Bull Calf,,2014
90,62,51,101,95,55,Bennachie's Moray (D),2018-04-21,275.0,645.0,2.16,9.98,1.55,0.2,3.67,27.0,0.1,2019-01-21,309,Junior Bull Calf,,2019
91,103,99,87,19,75,Skye High Honor (D),2019-01-08,377.0,683.0,1.68,11.96,1.75,0.21,3.33,31.5,0.08,2020-01-20,308,Junior Bull Calf,,2020
92,106,68,79,54,28,RAM Liberty (D),2017-04-16,281.0,591.0,1.93,10.52,1.78,0.12,3.18,31.0,0.11,2018-01-22,307,Junior Bull Calf,,2018
93,120,86,58,41,17,MT Pendleton (D),2018-04-24,272.0,556.0,1.86,11.19,2.01,0.17,2.87,27.0,0.1,2019-01-21,305,Junior Bull Calf,,2019
94,96,79,83,40,53,Almosta Farm's Tycen (D),2013-03-12,317.0,640.0,1.86,10.904,1.7,0.212,3.259,21.0,0.07,2014-01-23,298,Junior Bull Calf,,2014
95,48,82,116,48,91,"Symbiosis Sir Titan (ET,D)",2019-01-21,364.0,742.0,1.9,11.0,1.48,0.15,4.3,33.0,0.09,2020-01-20,294,Junior Bull Calf,,2020
96,69,64,82,77,58,Flatheads Aodhair (D),2015-04-02,294.0,649.0,2.04,10.38,1.6,0.18,3.25,31.0,0.11,2016-01-21,292,Junior Bull Calf,,2016
97,82,61,99,49,46,Bennachie's Sterling (D),2015-03-29,298.0,620.0,1.91,10.31,1.66,0.19,3.59,33.0,0.11,2016-01-21,291,Junior Bull Calf,,2016
98,70,66,91,63,60,SC Finnegan (D),2017-03-23,305.0,652.0,1.97,10.45,1.6,0.14,3.42,36.0,0.12,2018-01-22,290,Junior Bull Calf,,2018
99,67,96,19,103,93,"Creek Run Fozzie (ET,PV,D)",2022-03-17,312.0,745.0,2.23,11.76,1.58,0.1,2.13,28.0,0.09,2023-01-23,285,Junior Bull Calf,,2023
100,33,49,86,116,80,HS Love Is A Rose (D),2022-04-23,275.0,694.0,2.34,9.85,1.42,0.1,3.3,27.0,0.1,2023-01-23,284,Junior Bull Calf,,2023
101,29,102,52,99,112,"Symbiosis Sir Yukon (ET,D)",2017-01-18,369.0,859.0,2.19,12.11,1.41,0.14,2.78,34.0,0.09,2018-01-22,282,Junior Bull Calf,,2018
102,53,77,62,89,84,Howling Springs Barron the Bul (D),2022-03-17,312.0,708.0,2.11,10.76,1.52,0.18,2.91,38.0,0.12,2023-01-23,281,Junior Bull Calf,,2023
103,75,59,69,73,50,"Highland Spice Mercury (PV,D)",2023-04-07,290.0,635.0,2.02,10.28,1.62,0.11,2.97,33.0,0.11,2024-01-22,276,Junior Bull Calf,,2024
104,59,112,5,100,115,"MES Otto (AI,PV,D)",2025-01-13,374.0,872.0,2.2,13.5,1.55,0.19,1.26,35.0,0.05,2026-01-22,276,Junior Bull Calf,,2026
105,19,81,61,113,104,"KFR Samson (AI,PV,D)",2024-02-27,331.0,814.0,2.31,10.99,1.35,0.19,2.89,32.0,0.05,2025-01-23,274,Junior Bull Calf,,2025
106,102,62,41,55,29,We Tired Rocky (D),2014-04-15,282.0,593.0,1.93,10.33,1.74,0.08,2.57,33.0,0.12,2015-01-22,260,Junior Bull Calf,,2015
107,4,57,89,108,118,Howling Springs Oakley (D),2025-01-12,375.0,901.0,2.27,10.23,1.14,0.19,3.37,37.0,0.06,2026-01-22,258,Junior Bull Calf,,2026
108,98,52,76,32,26,FTA Ruger (D),2014-04-01,296.0,586.0,1.81,10.03,1.71,0.21,3.05,30.0,0.1,2015-01-22,258,Junior Bull Calf,,2015
109,54,65,38,97,77,Flatheads Deveron (D),2014-04-06,291.0,685.0,2.18,10.39,1.52,0.15,2.54,31.0,0.11,2015-01-22,254,Junior Bull Calf,,2015
110,105,39,85,24,11,TSR Velveteen Rabbit (D),2019-04-19,276.0,525.0,1.72,9.3,1.77,0.07,3.28,27.0,0.1,2020-01-20,253,Junior Bull Calf,,2020
111,26,98,13,112,110,MXB Metallic Finley (D),2025-02-07,349.0,854.0,2.3,11.95,1.4,0.2,1.82,35.0,0.06,2026-01-22,249,Junior Bull Calf,,2026
112,31,72,65,80,96,GNH Saint Valentine (D),2023-02-15,341.0,754.0,2.06,10.66,1.41,0.06,2.93,35.0,0.1,2024-01-22,248,Junior Bull Calf,,2024
113,112,75,49,11,24,"Beyond Hope Sutton (AI,D)",2022-02-21,336.0,580.0,1.58,10.72,1.85,0.1,2.68,31.0,0.09,2023-01-23,247,Junior Bull Calf,,2023
114,25,67,88,67,94,"BRF Mr Clets (ET,D)",2014-02-03,353.0,750.0,1.98,10.48,1.4,0.15,3.34,31.0,0.09,2015-01-22,247,Junior Bull Calf,,2015
115,77,100,24,46,90,"STR Iain Mor (PV,D)",2025-01-21,366.0,741.0,1.89,12.05,1.63,0.17,2.23,28.0,0.04,2026-01-22,247,Junior Bull Calf,,2026
116,94,47,67,36,22,Highland Spice Hickory (D),2019-04-08,287.0,574.0,1.83,9.73,1.7,0.07,2.94,28.0,0.1,2020-01-20,244,Junior Bull Calf,,2020
117,78,55,29,82,45,Bennachie's Glen (D),2017-04-22,275.0,619.0,2.07,10.18,1.64,0.15,2.43,29.0,0.11,2018-01-22,244,Junior Bull Calf,,2018
118,28,92,43,79,106,DH Premier (D),2017-01-12,375.0,822.0,2.06,11.61,1.41,0.17,2.59,35.0,0.09,2018-01-22,242,Junior Bull Calf,,2018
119,100,29,100,12,7,Snowland G. Markee (D),2015-04-16,280.0,498.0,1.6,8.6,1.73,0.12,3.63,22.0,0.08,2016-01-21,241,Junior Bull Calf,,2016
120,89,94,32,23,81,LSK Duke (D),2017-01-12,375.0,696.0,1.72,11.72,1.68,0.12,2.46,30.0,0.08,2018-01-22,238,Junior Bull Calf,,2018
121,24,101,16,96,114,"MES Marvelous Miles (AI,PV,D)",2024-01-12,377.0,864.0,2.16,12.07,1.4,0.21,2.01,34.0,0.05,2025-01-23,237,Junior Bull Calf,,2025
122,111,36,72,17,6,Clearwater's Vance (D),2019-04-28,267.0,492.0,1.66,9.01,1.83,0.08,3.01,30.0,0.11,2020-01-20,236,Junior Bull Calf,,2020
123,86,45,77,26,21,Flatheads Talisker (D),2013-03-29,300.0,572.0,1.74,9.611,1.68,0.212,3.124,33.0,0.11,2014-01-23,234,Junior Bull Calf,,2014
124,11,19,109,90,66,"STR Burning It Down (ET,D)",2017-04-06,291.0,669.0,2.13,8.29,1.24,0.09,3.81,32.0,0.11,2018-01-22,229,Junior Bull Calf,,2018
125,76,69,21,62,56,We Tired Horace (D),2013-03-25,304.0,646.0,1.96,10.557,1.63,0.194,2.179,29.0,0.1,2014-01-23,228,Junior Bull Calf,,2014
126,36,60,68,53,87,"HHH Gold Kanyon (PV,D)",2021-02-13,345.0,717.0,1.93,10.28,1.43,0.18,2.95,31.0,0.09,2022-01-24,217,Junior Bull Calf,,2022
127,118,32,63,3,2,"Defiance of Dundonald (AI,D)",2015-04-25,271.0,443.0,1.45,8.77,1.98,0.12,2.91,25.0,0.09,2016-01-21,216,Junior Bull Calf,,2016
128,35,70,2,109,89,"WL Ring of Fire (AI,PV,D)",2025-03-25,303.0,737.0,2.27,10.56,1.43,0.12,0.8,33.0,0.06,2026-01-22,216,Junior Bull Calf,,2026
129,95,12,96,7,3,Kesabe's Mayhem (D),2023-04-29,268.0,457.0,1.52,7.76,1.7,0.09,3.46,33.0,0.12,2024-01-22,210,Junior Bull Calf,,2024
130,22,41,60,83,73,Holy Cross Black Jack (D),2018-03-24,303.0,680.0,2.08,9.36,1.38,0.2,2.89,30.0,0.1,2019-01-21,206,Junior Bull Calf,,2019
131,108,15,81,1,1,SFF John o'Groats (D),2015-04-19,277.0,442.0,1.42,7.96,1.8,0.12,3.25,26.0,0.09,2016-01-21,205,Junior Bull Calf,,2016
132,50,37,103,15,34,RAM Cupid (D),2017-02-16,340.0,603.0,1.63,9.07,1.5,0.09,3.69,32.0,0.09,2018-01-22,205,Junior Bull Calf,,2018
133,87,31,66,20,10,RAM BB King (D),2015-04-16,280.0,521.0,1.68,8.76,1.68,0.12,2.93,32.0,0.11,2016-01-21,204,Junior Bull Calf,,2016
134,12,53,50,88,103,"Stagecoach Wells Fargo (PV,D)",2021-02-02,356.0,802.0,2.11,10.05,1.25,0.04,2.73,32.0,0.09,2022-01-24,203,Junior Bull Calf,,2022
135,45,25,112,21,27,"BEM Boomer (AI,D)",2013-03-08,321.0,588.0,1.68,8.536,1.45,0.294,4.02,27.0,0.08,2014-01-23,203,Junior Bull Calf,,2014
136,46,35,107,14,43,Dundonald's Cho Sona,2017-02-06,350.0,617.0,1.62,8.93,1.45,0.08,3.79,30.0,0.09,2018-01-22,202,Junior Bull Calf,,2018
137,81,89,1,29,79,"STR Endurance (ET,PV,D)",2025-01-31,356.0,692.0,1.8,11.44,1.65,0.17,0.54,34.0,0.05,2026-01-22,200,Junior Bull Calf,,2026
138,27,14,113,45,20,Holy Cross Finn (D),2023-04-23,274.0,566.0,1.88,7.92,1.4,0.15,4.1,31.0,0.11,2024-01-22,199,Junior Bull Calf,,2024
139,65,54,48,30,54,RAM Wyatt (D),2019-02-28,326.0,641.0,1.81,10.06,1.57,0.12,2.67,28.0,0.09,2020-01-20,197,Junior Bull Calf,,2020
140,44,38,44,69,51,"Holy Cross Roman (PV,D)",2025-04-03,294.0,638.0,2.0,9.24,1.45,0.19,2.6,29.0,0.05,2026-01-22,195,Junior Bull Calf,,2026
141,60,44,25,60,39,Flatheads Dunn (D),2018-04-06,290.0,613.0,1.94,9.52,1.55,0.07,2.27,30.0,0.1,2019-01-21,189,Junior Bull Calf,,2019
142,1,42,37,106,116,"FSH Maxamillion (ET,D)",2021-01-25,364.0,872.0,2.26,9.36,1.07,0.08,2.54,41.0,0.11,2022-01-24,186,Junior Bull Calf,,2022
143,74,11,95,5,4,"BRJ Hamish of Cobb Hollow (ET,PV,D)",2022-04-08,290.0,480.0,1.48,7.74,1.61,0.11,3.45,31.0,0.11,2023-01-23,185,Junior Bull Calf,,2023
144,10,20,57,94,65,"Flatheads North Fork (PV,D)",2021-04-12,287.0,668.0,2.15,8.31,1.24,0.09,2.86,30.0,0.1,2022-01-24,181,Junior Bull Calf,,2022
145,68,48,28,35,44,"STR Optimum Prime (AI,D)",2014-03-17,311.0,618.0,1.83,9.84,1.59,0.19,2.35,28.0,0.09,2015-01-22,179,Junior Bull Calf,,2015
146,7,56,30,85,111,"STR Ruthless Game (AI,D)",2014-01-03,384.0,858.0,2.1,10.23,1.19,0.19,2.43,38.5,0.1,2015-01-22,178,Junior Bull Calf,,2015
147,8,22,56,92,83,Holy Cross Red Ryder (D),2021-03-23,307.0,706.0,2.14,8.46,1.2,0.05,2.85,33.0,0.11,2022-01-24,178,Junior Bull Calf,,2022
148,40,33,53,50,38,Bennachie's Zorro (D),2014-04-05,292.0,610.0,1.92,8.8,1.44,0.17,2.8,29.0,0.1,2015-01-22,176,Junior Bull Calf,,2015
149,18,43,51,61,85,"CBS Jameson (AI,D)",2014-02-15,341.0,712.0,1.94,9.43,1.32,0.19,2.74,31.0,0.09,2015-01-22,173,Junior Bull Calf,,2015
150,61,46,8,57,48,Nashville of Storybrooke Farm (D),2024-03-29,300.0,628.0,1.93,9.71,1.55,0.18,1.58,30.0,0.05,2025-01-23,172,Junior Bull Calf,,2025
151,56,24,71,13,19,Maple Hill Cecil (D),2014-03-12,316.0,559.0,1.61,8.53,1.53,0.13,2.98,28.0,0.09,2015-01-22,164,Junior Bull Calf,,2015
152,23,40,84,16,72,SWM Prime Time (D),2019-01-04,381.0,677.0,1.65,9.32,1.38,0.09,3.27,35.5,0.09,2020-01-20,163,Junior Bull Calf,,2020
153,30,34,27,72,47,"Pell Creeks Pendleton (AI,D)",2014-04-10,287.0,627.0,2.01,8.87,1.41,0.19,2.32,30.0,0.1,2015-01-22,163,Junior Bull Calf,,2015
154,43,50,10,47,74,Clearwater's Valiant (D),2024-02-26,332.0,682.0,1.9,9.88,1.45,0.19,1.63,31.0,0.05,2025-01-23,150,Junior Bull Calf,,2025
155,13,18,55,64,62,SA Flynn (D),2017-03-21,307.0,656.0,1.97,8.18,1.25,0.09,2.82,28.0,0.09,2018-01-22,150,Junior Bull Calf,,2018
156,32,26,47,42,35,RAM Rumble (D),2018-03-29,298.0,606.0,1.87,8.56,1.41,0.24,2.67,31.5,0.11,2019-01-21,147,Junior Bull Calf,,2019
157,55,23,22,43,18,"NostradamusOfBlackHillsHighlands (AI,D)",2024-04-29,269.0,556.0,1.88,8.52,1.53,0.11,2.19,27.0,0.04,2025-01-23,143,Junior Bull Calf,,2025
158,90,30,11,9,9,"HC New Heights (PV,D)",2024-03-30,299.0,510.0,1.54,8.6,1.69,0.19,1.7,27.0,0.04,2025-01-23,140,Junior Bull Calf,,2025
159,49,28,23,27,23,Almosta Farm's Beau (D),2017-03-27,301.0,577.0,1.75,8.59,1.49,0.09,2.22,31.0,0.1,2018-01-22,127,Junior Bull Calf,,2018
160,5,7,74,31,63,"Finn of Flatland Farm (AI,PV,D)",2023-02-20,336.0,657.0,1.81,7.56,1.15,0.13,3.03,33.0,0.1,2024-01-22,117,Junior Bull Calf,,2024
161,37,9,46,22,13,"Navalny of BlackHillsHighlands (AI,D)",2024-04-12,286.0,540.0,1.71,7.71,1.43,0.17,2.6,27.0,0.04,2025-01-23,114,Junior Bull Calf,,2025
162,34,21,17,37,30,RAM Bodacious (D),2022-04-02,296.0,594.0,1.84,8.42,1.42,0.09,2.12,30.0,0.1,2023-01-23,109,Junior Bull Calf,,2023
163,39,27,15,8,31,"Beyond Hope Fort Knox (AI,D)",2024-02-02,356.0,594.0,1.53,8.57,1.44,0.18,1.97,31.0,0.04,2025-01-23,89,Junior Bull Calf,,2025
164,15,4,31,38,15,Double LL Fella (D),2017-04-30,267.0,544.0,1.85,6.9,1.27,0.16,2.44,25.0,0.09,2018-01-22,88,Junior Bull Calf,,2018
165,63,8,4,2,5,"Kesabe's Nacho Average Joe (PV,D)",2025-03-23,305.0,487.0,1.43,7.6,1.56,0.13,1.18,28.0,0.04,2026-01-22,77,Junior Bull Calf,,2026
166,3,3,26,44,40,"T-Ross Noah (ET,PV,D)",2024-03-30,299.0,613.0,1.88,6.76,1.1,0.18,2.29,26.0,0.04,2025-01-23,76,Junior Bull Calf,,2025
167,14,13,12,34,41,"RVH Lex (PV,D)",2024-03-20,309.0,615.0,1.83,7.84,1.27,0.16,1.81,28.0,0.04,2025-01-23,73,Junior Bull Calf,,2025
168,2,1,18,52,25,Rocky Acres Tspoon (D),2021-04-23,276.0,584.0,1.93,6.3,1.08,0.06,2.13,29.5,0.11,2022-01-24,73,Junior Bull Calf,,2022
169,17,16,14,25,42,"Beyond Hope RW's Seamus (AI,D)",2021-03-02,328.0,615.0,1.72,7.98,1.3,0.07,1.85,28.0,0.09,2022-01-24,72,Junior Bull Calf,,2022
170,20,17,20,6,32,Highland Acres Blackjack (D),2021-01-26,363.0,594.0,1.5,8.02,1.35,0.04,2.13,30.0,0.08,2022-01-24,63,Junior Bull Calf,,2022
171,42,5,9,4,8,"Kesabe's Riot Act (ET,PV,D)",2025-03-17,311.0,501.0,1.45,7.25,1.45,0.25,1.6,27.0,0.04,2026-01-22,60,Junior Bull Calf,,2026
172,16,10,3,28,36,"OG Try Your Luck (PV,D)",2025-03-17,311.0,606.0,1.79,7.73,1.28,0.13,0.88,26.0,0.04,2026-01-22,57,Junior Bull Calf,,2026
173,21,6,7,18,16,"Circle V Grizzly Rose (ET,PV,D)",2024-04-03,295.0,547.0,1.68,7.41,1.35,0.15,1.41,29.0,0.05,2025-01-23,52,Junior Bull Calf,,2025
174,9,2,6,33,14,"BFL Herbert (PV,D)",2025-04-26,271.0,543.0,1.82,6.64,1.22,0.13,1.34,29.0,0.05,2026-01-22,50,Junior Bull Calf,,2026
175,31,33,32,24,29,"Windemere Everest (AI,D)",2016-09-07,502.0,1022.0,1.94,17.92,1.75,0.16,3.8,38.0,0.08,2018-01-22,120,Senior Bull Calf,2.0,2018
176,15,32,33,28,31,LEA Niadh (D),2017-09-01,507.0,1102.0,2.07,14.93,1.35,0.34,4.12,35.0,0.07,2019-01-21,108,Senior Bull Calf,2.0,2019
177,29,31,13,30,22,J Bar T's Iron Mike (D),2014-12-10,407.0,925.0,2.15,14.73,1.59,0.18,2.61,36.0,0.09,2016-01-21,103,Senior Bull Calf,2.0,2016
178,32,29,17,18,13,Zorrow 8 of Dundonald (D),2012-11-17,432.0,824.0,1.79,14.5,1.76,0.282,2.737,33.0,0.08,2014-01-23,96,Senior Bull Calf,2.0,2014
179,25,30,16,22,27,"Summit Ranch Fritz (ET,D)",2017-09-02,506.0,999.0,1.88,14.58,1.46,0.26,2.64,33.0,0.07,2019-01-21,93,Senior Bull Calf,2.0,2019
180,12,28,22,31,33,"WL Lincoln (ET,D)",2022-09-12,497.0,1132.0,2.18,14.42,1.27,0.24,3.18,40.0,0.08,2024-01-22,93,Senior Bull Calf,2.0,2024
181,23,21,28,20,12,Homestead's Gryphon (D),2018-11-24,422.0,822.0,1.83,12.04,1.46,0.09,3.51,35.0,0.08,2020-01-20,92,Senior Bull Calf,2.0,2020
182,17,18,30,19,18,Kesabe's Homebrew (D),2021-10-26,454.0,870.0,1.81,11.71,1.35,0.17,3.56,33.0,0.07,2023-01-23,84,Senior Bull Calf,2.0,2023
183,27,12,26,15,6,"HHH Black Kanyon (PV,D)",2021-12-22,397.0,742.0,1.74,11.18,1.51,0.17,3.37,31.0,0.08,2023-01-23,80,Senior Bull Calf,2.0,2023
184,28,25,9,17,16,ARR Hurricane Hank (D),2012-10-28,452.0,842.0,1.75,13.214,1.57,0.159,2.294,32.0,0.07,2014-01-23,79,Senior Bull Calf,2.0,2014
185,6,24,14,33,30,Spring Creek General (D),2018-11-12,434.0,1060.0,2.33,12.97,1.22,0.29,2.61,41.0,0.09,2020-01-20,77,Senior Bull Calf,2.0,2020
186,14,22,21,16,21,TJH Big Chungus (D),2022-09-10,499.0,918.0,1.74,12.19,1.33,0.21,3.1,36.0,0.07,2024-01-22,73,Senior Bull Calf,2.0,2024
187,18,26,2,25,26,"Sir Mikha'el of Noble Bear (PV,D)",2024-09-28,481.0,987.0,1.95,13.83,1.4,0.19,1.3,37.0,0.05,2026-01-22,71,Senior Bull Calf,2.0,2026
188,9,27,3,32,32,Neanderthal of Crocus Hill (D),2024-09-21,488.0,1127.0,2.21,14.01,1.24,0.19,1.53,34.0,0.04,2026-01-22,71,Senior Bull Calf,2.0,2026
189,10,14,18,26,20,"Kesabe's Moonshine Road (PV,D)",2023-11-09,441.0,913.0,1.96,11.43,1.25,0.19,2.76,33.0,0.04,2025-01-23,68,Senior Bull Calf,2.0,2025
190,11,20,8,29,23,Silva's Sugar Daddy (D),2021-11-18,431.0,950.0,2.09,11.99,1.26,0.1,2.29,31.0,0.07,2023-01-23,68,Senior Bull Calf,2.0,2023
191,4,16,24,21,24,CBS Red Alert (D),2022-09-18,491.0,959.0,1.85,11.67,1.22,0.14,3.24,33.0,0.07,2024-01-22,65,Senior Bull Calf,2.0,2024
192,24,23,7,10,17,"Windemere Bolt (AI,D)",2013-09-11,498.0,855.0,1.62,12.45,1.46,0.23,2.15,35.0,0.07,2015-01-22,64,Senior Bull Calf,2.0,2015
193,30,15,10,8,4,Kesabe's Hot Tamale (D),2022-11-14,434.0,715.0,1.53,11.53,1.61,0.11,2.35,36.0,0.08,2024-01-22,63,Senior Bull Calf,2.0,2024
194,2,8,23,27,25,RTH Jefferson (D),2020-10-30,451.0,974.0,2.05,10.64,1.09,0.17,3.22,37.0,0.08,2022-01-24,60,Senior Bull Calf,2.0,2022
195,19,17,12,12,14,"TC Murdach (AI,D)",2023-10-02,479.0,836.0,1.64,11.69,1.4,0.15,2.39,38.0,0.05,2025-01-23,60,Senior Bull Calf,2.0,2025
196,7,9,29,14,19,"J Bar T's Conan (AI,D)",2016-10-01,478.0,872.0,1.72,10.73,1.23,0.09,3.53,35.0,0.07,2018-01-22,59,Senior Bull Calf,2.0,2018
197,21,19,5,13,15,"Stone Fields Natrolite (PV,D)",2024-10-11,468.0,836.0,1.68,11.96,1.43,0.18,1.72,30.0,0.03,2026-01-22,58,Senior Bull Calf,2.0,2026
198,22,6,15,9,3,"Gryphon Epsilon Rampion (PV,D)",2022-11-22,426.0,705.0,1.54,10.19,1.45,0.14,2.62,32.0,0.08,2024-01-22,52,Senior Bull Calf,2.0,2024
199,16,11,19,5,11,TJH Paladin (D),2022-09-01,508.0,819.0,1.51,11.02,1.35,0.11,2.95,37.0,0.07,2024-01-22,51,Senior Bull Calf,2.0,2024
200,13,7,20,6,10,Colored Rain Thunder (D),2013-09-07,502.0,812.0,1.52,10.61,1.31,0.18,2.96,31.0,0.06,2015-01-22,46,Senior Bull Calf,2.0,2015
201,20,10,4,11,8,"Storybrooke Nightmare (PV,D)",2024-10-31,448.0,782.0,1.63,10.99,1.41,0.19,1.57,31.0,0.04,2026-01-22,45,Senior Bull Calf,2.0,2026
202,8,5,27,4,7,Magic of Dundonald (D),2022-09-15,494.0,778.0,1.47,9.65,1.24,0.43,3.51,37.0,0.07,2024-01-22,44,Senior Bull Calf,2.0,2024
203,26,4,11,2,2,PR Benaiah (D),2024-12-23,395.0,622.0,1.45,9.13,1.47,0.13,2.37,30.0,0.04,2026-01-22,43,Senior Bull Calf,2.0,2026
204,33,2,6,1,1,Hartman Highland Fergus (D),2018-11-27,419.0,472.0,1.01,8.4,1.78,0.06,2.1,29.0,0.07,2020-01-20,42,Senior Bull Calf,2.0,2020
205,3,13,1,23,28,TJH Chunka Loaf (D),2023-09-06,505.0,1013.0,1.91,11.41,1.13,0.18,1.14,34.0,0.04,2025-01-23,40,Senior Bull Calf,2.0,2025
206,1,1,31,7,9,KCC Willie (D),2021-09-25,485.0,785.0,1.52,8.32,1.06,0.15,3.64,35.0,0.07,2023-01-23,40,Senior Bull Calf,2.0,2023
207,5,3,25,3,5,"Hercules Dubh AH Ranch (AI,D)",2018-09-30,477.0,740.0,1.45,9.02,1.22,0.41,3.33,35.0,0.07,2020-01-20,36,Senior Bull Calf,2.0,2020
208,26,42,38,38,39,"SkyeHigh HamishMacbeth (ET,D)",2012-05-09,624.0,1403.0,2.17,18.673,1.33,0.274,4.145,34.0,0.05,2014-01-23,144,Intermediate Yearling Bull,,2014
209,9,41,42,41,42,"Trafalgar Finley (ET,D)",2017-05-02,629.0,1527.0,2.35,17.72,1.16,0.26,4.75,42.5,0.07,2019-01-21,133,Intermediate Yearling Bull,,2019
210,35,39,28,27,27,"CSF Rutherford (AI,D)",2016-05-18,614.0,1179.0,1.84,16.54,1.4,0.19,3.47,40.0,0.07,2018-01-22,129,Intermediate Yearling Bull,,2018
211,37,38,33,20,23,Bennachie's MacArthur (D),2014-05-18,613.0,1134.0,1.77,16.54,1.46,0.14,3.62,35.0,0.06,2016-01-21,128,Intermediate Yearling Bull,,2016
212,41,34,39,14,15,"Thor Dubh of AH Ranch (AI,D)",2018-06-16,583.0,1042.0,1.7,16.21,1.56,0.09,4.28,36.0,0.06,2020-01-20,128,Intermediate Yearling Bull,,2020
213,7,40,35,42,41,"Mid-Lakes Trailblazer (AI,PV,D)",2024-06-25,576.0,1478.0,2.48,17.07,1.15,0.24,3.9,42.0,0.05,2026-01-22,124,Intermediate Yearling Bull,,2026
214,31,36,20,31,34,Holy Cross Iron Mike (D),2022-05-22,610.0,1217.0,1.91,16.4,1.35,0.09,3.2,39.0,0.06,2024-01-22,118,Intermediate Yearling Bull,,2024
215,42,32,21,23,14,J Bar T's Xtreme (D),2016-08-06,534.0,1024.0,1.82,16.05,1.57,0.16,3.28,39.0,0.07,2018-01-22,118,Intermediate Yearling Bull,,2018
216,25,29,34,29,28,Barton of Pine Meadow (D),2018-05-21,609.0,1186.0,1.87,15.68,1.32,0.18,3.73,37.0,0.06,2020-01-20,117,Intermediate Yearling Bull,,2020
217,29,33,23,30,32,Keltie of Highland Spice (D),2021-05-17,616.0,1208.0,1.88,16.15,1.34,0.2,3.32,35.0,0.06,2023-01-23,115,Intermediate Yearling Bull,,2023
218,39,35,6,33,17,"Beaverheads Brodgar (AI,D)",2012-08-20,521.0,1059.0,1.94,16.312,1.54,0.195,2.24,32.0,0.06,2014-01-23,113,Intermediate Yearling Bull,,2014
219,34,30,24,22,24,Trafalgar Jake (D),2020-05-29,605.0,1141.0,1.8,15.74,1.38,0.19,3.37,36.5,0.06,2022-01-24,110,Intermediate Yearling Bull,,2022
220,16,23,29,36,30,Silva's Double Harley (D),2017-07-08,562.0,1196.0,2.04,14.59,1.22,0.19,3.52,36.0,0.06,2019-01-21,104,Intermediate Yearling Bull,,2019
221,14,25,37,26,33,Flatheads Ben Alter (D),2014-05-02,629.0,1209.0,1.84,14.81,1.22,0.14,4.13,42.0,0.07,2016-01-21,102,Intermediate Yearling Bull,,2016
222,22,14,41,25,19,Clearwater's Ferb (D),2013-07-12,559.0,1077.0,1.84,13.43,1.25,0.24,4.44,38.0,0.07,2015-01-22,102,Intermediate Yearling Bull,,2015
223,17,24,27,32,31,"MES Ragnarok (AI,PV,D)",2022-06-06,595.0,1203.0,1.94,14.74,1.23,0.11,3.46,41.5,0.07,2024-01-22,100,Intermediate Yearling Bull,,2024
224,8,37,16,39,40,Trafalgar Killian (D),2021-05-28,605.0,1417.0,2.26,16.43,1.16,0.18,2.84,40.0,0.07,2023-01-23,100,Intermediate Yearling Bull,,2023
225,20,31,12,34,36,Flatheads Tamdhu (D),2017-05-07,624.0,1272.0,1.96,15.94,1.25,0.12,2.58,38.0,0.06,2019-01-21,97,Intermediate Yearling Bull,,2019
226,28,27,25,15,22,CSF Roosevelt (D),2018-05-06,624.0,1120.0,1.71,15.01,1.34,0.26,3.42,40.0,0.06,2020-01-20,95,Intermediate Yearling Bull,,2020
227,33,19,32,8,12,RAM Just Bob (D),2014-05-02,629.0,1016.0,1.54,14.02,1.38,0.18,3.57,33.0,0.05,2016-01-21,92,Intermediate Yearling Bull,,2016
228,13,26,17,35,35,Trafalgar Blain (D),2013-06-06,595.0,1245.0,2.01,14.98,1.2,0.23,2.85,36.0,0.06,2015-01-22,91,Intermediate Yearling Bull,,2015
229,24,16,30,18,16,"CSF John Yuma (AI,D)",2017-06-22,578.0,1050.0,1.73,13.52,1.29,0.18,3.52,40.0,0.07,2019-01-21,88,Intermediate Yearling Bull,,2019
230,5,21,22,37,37,Shat Acres Raisin Cain (D),2013-06-01,600.0,1280.0,2.05,14.33,1.12,0.16,3.3,40.0,0.07,2015-01-22,85,Intermediate Yearling Bull,,2015
231,40,1,40,1,1,Colored Rain Loki (D),2014-06-30,570.0,546.0,0.87,8.49,1.55,0.12,4.42,24.0,0.04,2016-01-21,82,Intermediate Yearling Bull,,2016
232,32,28,5,17,25,SWM Swipe Right (D),2020-05-02,632.0,1146.0,1.73,15.59,1.36,0.12,2.23,37.0,0.06,2022-01-24,82,Intermediate Yearling Bull,,2022
233,38,18,19,6,8,Holy Cross Jack Hammer (D),2022-05-20,612.0,936.0,1.45,13.96,1.49,0.09,3.03,36.0,0.06,2024-01-22,81,Intermediate Yearling Bull,,2024
234,27,22,13,13,20,"Barclay of Pine Meadow (AI,D)",2017-05-10,621.0,1087.0,1.67,14.47,1.33,0.17,2.65,35.5,0.06,2019-01-21,75,Intermediate Yearling Bull,,2019
235,21,17,14,21,21,"CBS Matrix (AI,D)",2018-06-07,592.0,1095.0,1.77,13.68,1.25,0.24,2.7,37.0,0.06,2020-01-20,73,Intermediate Yearling Bull,,2020
236,36,12,9,16,7,"Windemere Barron (AI,D)",2013-08-27,513.0,928.0,1.71,13.11,1.41,0.25,2.43,33.0,0.06,2015-01-22,73,Intermediate Yearling Bull,,2015
237,1,11,36,24,29,Kesabe's Walking Taco (D),2020-05-05,629.0,1192.0,1.82,12.1,1.02,0.43,4.08,37.0,0.06,2022-01-24,72,Intermediate Yearling Bull,,2022
238,2,20,3,40,38,"Mid-Lakes Tantor (AI,PV,D)",2023-07-15,558.0,1337.0,2.31,14.15,1.06,0.19,2.12,41.0,0.05,2025-01-23,65,Intermediate Yearling Bull,,2025
239,12,9,31,10,11,JPEL'S Shauhn (D),2016-06-16,585.0,973.0,1.58,11.69,1.2,0.26,3.53,37.0,0.06,2018-01-22,62,Intermediate Yearling Bull,,2018
240,10,10,10,28,13,"BDR Knox Your Socks Off (AI,D)",2021-08-21,520.0,1022.0,1.87,12.07,1.18,0.19,2.44,37.0,0.07,2023-01-23,58,Intermediate Yearling Bull,,2023
241,19,7,26,5,5,LCT Peanut (D),2021-06-24,578.0,871.0,1.42,10.86,1.25,0.17,3.45,37.0,0.06,2023-01-23,57,Intermediate Yearling Bull,,2023
242,23,15,8,11,18,Flatheads Lal (D),2012-05-02,631.0,1067.0,1.61,13.476,1.26,0.301,2.342,36.0,0.06,2014-01-23,57,Intermediate Yearling Bull,,2014
243,6,13,1,19,26,"GRZ Blueberry Hill (AI,D)",2023-05-09,625.0,1153.0,1.76,13.31,1.15,0.2,1.43,40.0,0.04,2025-01-23,39,Intermediate Yearling Bull,,2025
244,30,5,2,2,3,"Frontiera's Como (PV,D)",2024-05-24,608.0,787.0,1.21,10.54,1.34,0.12,1.74,38.0,0.04,2026-01-22,39,Intermediate Yearling Bull,,2026
245,11,6,7,12,6,TJH Rocky (D),2021-08-05,536.0,918.0,1.62,10.8,1.18,0.1,2.28,33.0,0.06,2023-01-23,36,Intermediate Yearling Bull,,2023
246,15,8,4,9,9,"Brigadoons Dukes Dutch (AI,D)",2018-06-26,573.0,948.0,1.57,11.6,1.22,0.08,2.13,32.0,0.06,2020-01-20,36,Intermediate Yearling Bull,,2020
247,18,3,11,3,2,"Gryphon Dalmeny Iberis (PV,D)",2022-08-08,532.0,749.0,1.31,9.39,1.25,0.1,2.55,32.0,0.06,2024-01-22,35,Intermediate Yearling Bull,,2024
248,4,4,15,7,10,"RSO Tahonta (PV,D)",2021-05-23,610.0,948.0,1.47,10.42,1.1,0.09,2.81,37.0,0.06,2023-01-23,30,Intermediate Yearling Bull,,2023
249,3,2,18,4,4,BFL Jack (D),2021-06-24,578.0,844.0,1.37,9.08,1.08,0.1,2.91,33.0,0.06,2023-01-23,27,Intermediate Yearling Bull,,2023
250,51,54,54,51,40,RTH Grissom (D),2018-04-17,643.0,1409.0,2.11,20.6,1.46,0.37,5.11,42.0,0.07,2020-01-20,210,Junior Yearling Bull,,2020
251,47,53,52,47,38,Flatheads Deveron (D),2014-04-06,655.0,1385.0,2.04,19.45,1.4,0.21,4.71,39.0,0.06,2016-01-21,199,Junior Yearling Bull,,2016
252,52,52,34,38,27,CBS Yaz's Yukon Jack (D),2012-04-20,643.0,1277.0,1.91,18.735,1.47,0.424,3.604,41.0,0.06,2014-01-23,176,Junior Yearling Bull,,2014
253,43,48,46,36,34,Skye High Cornerstone (D),2014-03-10,682.0,1348.0,1.9,17.92,1.33,0.21,4.03,45.0,0.07,2016-01-21,173,Junior Yearling Bull,,2016
254,50,50,29,40,28,J Bar T's Myster Steel (D),2016-04-19,643.0,1287.0,1.92,18.13,1.41,0.25,3.35,44.0,0.07,2018-01-22,169,Junior Yearling Bull,,2018
255,37,37,50,39,32,SC Finnegan (D),2017-03-23,669.0,1334.0,1.92,16.81,1.26,0.25,4.36,42.0,0.06,2019-01-21,163,Junior Yearling Bull,,2019
256,16,42,51,54,54,"KFR Samson (AI,PV,D)",2024-02-27,695.0,1543.0,2.15,17.36,1.13,0.34,4.44,44.0,0.04,2026-01-22,163,Junior Yearling Bull,,2026
257,44,51,19,44,35,BRF Mr. Big (D),2013-04-07,655.0,1361.0,2.0,18.38,1.35,0.2,3.05,38.0,0.06,2015-01-22,158,Junior Yearling Bull,,2015
258,24,44,49,41,51,"STR Armageddon (ET,D)",2017-01-03,748.0,1486.0,1.92,17.46,1.17,0.19,4.29,40.0,0.05,2019-01-21,158,Junior Yearling Bull,,2019
259,18,40,45,53,52,Howling Springs Barron the Bull (D),2022-03-17,676.0,1488.0,2.13,17.07,1.15,0.3,4.0,41.0,0.06,2024-01-22,156,Junior Yearling Bull,,2024
260,49,46,28,26,22,"STR Optimus Prime (AI,D)",2014-03-17,675.0,1253.0,1.78,17.68,1.41,0.14,3.33,35.0,0.05,2016-01-21,149,Junior Yearling Bull,,2016
261,28,43,44,31,46,"BRF Bernie (ET,D)",2013-01-10,742.0,1429.0,1.86,17.4,1.22,0.21,3.92,37.0,0.05,2015-01-22,146,Junior Yearling Bull,,2015
262,41,38,33,28,26,Skye High Ego-Trip (D),2016-03-06,687.0,1274.0,1.78,16.88,1.32,0.3,3.55,38.0,0.06,2018-01-22,140,Junior Yearling Bull,,2018
263,26,45,18,50,49,Holy Cross Black Jack (D),2018-03-24,667.0,1448.0,2.1,17.48,1.21,0.38,3.05,38.0,0.06,2020-01-20,139,Junior Yearling Bull,,2020
264,13,26,47,52,42,Spring Creek Easton (D),2016-04-20,642.0,1414.0,2.12,15.64,1.11,0.25,4.05,40.0,0.06,2018-01-22,138,Junior Yearling Bull,,2018
265,23,30,37,46,36,"Skye High Kodiak Pinch (PV,D)",2021-04-19,644.0,1363.0,2.04,15.93,1.17,0.27,3.65,43.0,0.07,2023-01-23,136,Junior Yearling Bull,,2023
266,53,47,13,16,10,"HSC Greyson (AI,D)",2018-04-03,657.0,1160.0,1.69,17.82,1.54,0.23,2.96,37.5,0.06,2020-01-20,129,Junior Yearling Bull,,2020
267,36,33,41,19,29,"LSK Zero (AI,D)",2014-02-01,719.0,1293.0,1.73,16.19,1.25,0.14,3.75,36.0,0.05,2016-01-21,129,Junior Yearling Bull,,2016
268,29,41,24,34,45,"BRF E.E.E. (Triple E) (ET,D)",2016-01-26,727.0,1427.0,1.89,17.34,1.22,0.26,3.28,41.0,0.06,2018-01-22,128,Junior Yearling Bull,,2018
269,11,31,38,48,47,CBS Clark Kent (D),2017-04-02,659.0,1432.0,2.1,15.93,1.11,0.18,3.7,40.0,0.06,2019-01-21,128,Junior Yearling Bull,,2019
270,34,27,39,27,23,"Almosta Farm's Oscar (PV,D)",2022-03-17,676.0,1253.0,1.78,15.66,1.25,0.17,3.71,41.0,0.06,2024-01-22,127,Junior Yearling Bull,,2024
271,30,49,8,37,50,"MES Marvelous Miles (AI,PV,D)",2024-01-12,741.0,1464.0,1.91,17.98,1.23,0.26,2.54,43.0,0.04,2026-01-22,124,Junior Yearling Bull,,2026
272,22,35,21,43,43,HVC Cowboy Cut (D),2024-02-26,696.0,1416.0,1.96,16.43,1.16,0.28,3.07,38.0,0.03,2026-01-22,121,Junior Yearling Bull,,2026
273,19,34,22,45,44,"CSF King Harald (AI,PV,D)",2024-03-07,686.0,1425.0,2.0,16.37,1.15,0.21,3.07,45.0,0.04,2026-01-22,120,Junior Yearling Bull,,2026
274,35,29,32,18,24,"HHH Gold Kanyon (PV,D)",2021-02-13,709.0,1263.0,1.71,15.78,1.25,0.28,3.37,40.0,0.06,2023-01-23,114,Junior Yearling Bull,,2023
275,17,20,42,33,31,Maple Hill Cecil (D),2014-03-12,680.0,1331.0,1.88,15.21,1.14,0.16,3.78,42.0,0.06,2016-01-21,112,Junior Yearling Bull,,2016
276,45,36,6,23,13,CBS Laredo (D),2013-04-04,658.0,1192.0,1.74,16.54,1.39,0.1,2.43,37.0,0.06,2015-01-22,110,Junior Yearling Bull,,2015
277,33,12,53,9,6,Oscar of Swalander (D),2012-04-02,661.0,1116.0,1.61,13.834,1.24,0.17,4.78,43.0,0.07,2014-01-23,107,Junior Yearling Bull,,2014
278,39,32,4,29,21,ARR Dharma's Leonidas (D),2016-03-30,663.0,1238.0,1.79,15.93,1.29,0.19,2.39,35.5,0.05,2018-01-22,104,Junior Yearling Bull,,2018
279,46,39,5,11,18,Skye High Bohemian (D),2013-02-12,709.0,1227.0,1.66,17.03,1.39,0.23,2.42,34.0,0.05,2015-01-22,101,Junior Yearling Bull,,2015
280,8,21,20,49,48,"11M Ranch Fergus (PV,D)",2023-03-28,667.0,1448.0,2.1,15.36,1.06,0.21,3.07,39.0,0.04,2025-01-23,98,Junior Yearling Bull,,2025
281,40,28,14,13,16,"Beyond Hope RW's Seamus (AI,D)",2021-03-02,692.0,1208.0,1.67,15.7,1.3,0.19,2.96,33.0,0.05,2023-01-23,95,Junior Yearling Bull,,2023
282,14,24,26,30,39,STR Homeland (D),2020-01-05,750.0,1407.0,1.81,15.56,1.11,0.28,3.3,40.0,0.05,2022-01-24,94,Junior Yearling Bull,,2022
283,32,25,27,10,25,"STR Samuel (ET,PV,D)",2021-01-11,742.0,1263.0,1.63,15.6,1.24,0.21,3.33,40.0,0.05,2023-01-23,94,Junior Yearling Bull,,2023
284,25,17,30,22,20,"HAN Onix (AI,PV,D)",2022-03-16,677.0,1230.0,1.74,14.59,1.19,0.22,3.35,39.5,0.06,2024-01-22,94,Junior Yearling Bull,,2024
285,48,23,16,6,5,CBS Brock (D),2012-03-26,668.0,1100.0,1.57,15.451,1.4,0.336,3.037,34.0,0.05,2014-01-23,93,Junior Yearling Bull,,2014
286,7,15,48,21,33,EFH Maverick (D),2021-01-11,742.0,1339.0,1.74,14.04,1.05,0.09,4.23,40.0,0.05,2023-01-23,91,Junior Yearling Bull,,2023
287,42,18,23,8,7,JCS Flint (D),2018-03-21,670.0,1118.0,1.59,14.81,1.32,0.42,3.1,35.0,0.05,2020-01-20,91,Junior Yearling Bull,,2020
288,54,19,9,2,1,Colored Rain Casper (D),2012-04-12,651.0,927.0,1.35,15.102,1.63,0.195,2.698,33.0,0.05,2014-01-23,84,Junior Yearling Bull,,2014
289,5,16,31,32,37,JBTs William The Head (D),2017-02-18,702.0,1366.0,1.87,14.04,1.03,0.23,3.37,38.5,0.05,2019-01-21,84,Junior Yearling Bull,,2019
290,1,4,43,35,41,"HSC Jorge (ET,D)",2020-02-05,719.0,1412.0,1.89,12.09,0.86,0.27,3.9,40.0,0.06,2022-01-24,83,Junior Yearling Bull,,2022
291,4,22,11,42,53,"Trafalgar Maddox (ET,PV,D)",2023-01-03,751.0,1508.0,1.94,15.41,1.02,0.24,2.78,40.0,0.03,2025-01-23,79,Junior Yearling Bull,,2025
292,38,3,36,1,2,"MTC Fearghus of Tranquility (AI,PV,D)",2022-03-06,687.0,937.0,1.29,11.86,1.27,0.18,3.63,35.0,0.05,2024-01-22,78,Junior Yearling Bull,,2024
293,10,5,40,17,8,Kesabe's Mayhem (D),2023-04-29,635.0,1126.0,1.69,12.32,1.09,0.3,3.74,38.0,0.04,2025-01-23,72,Junior Yearling Bull,,2025
294,20,13,12,20,15,Flatheads Big Horn (D),2020-04-01,663.0,1205.0,1.74,13.89,1.15,0.28,2.81,39.0,0.06,2022-01-24,65,Junior Yearling Bull,,2022
295,27,9,25,4,4,Dundonald's Cho Sona (D),2017-02-06,714.0,1095.0,1.46,13.3,1.21,0.19,3.29,35.0,0.05,2019-01-21,65,Junior Yearling Bull,,2019
296,12,11,15,24,17,Nashville of Storybrooke Farm (D),2024-03-29,664.0,1216.0,1.76,13.51,1.11,0.2,3.0,39.0,0.04,2026-01-22,62,Junior Yearling Bull,,2026
297,31,14,7,5,9,"Skye High Auchlevin (AI,D)",2012-02-08,715.0,1130.0,1.51,13.985,1.24,0.274,2.478,35.0,0.05,2014-01-23,57,Junior Yearling Bull,,2014
298,9,7,17,14,12,Basswood4 of Dundonald (D),2013-03-24,669.0,1181.0,1.69,12.64,1.07,0.21,3.05,37.0,0.06,2015-01-22,47,Junior Yearling Bull,,2015
299,2,1,35,7,19,"STR Dawson (ET,PV,D)",2023-01-11,743.0,1227.0,1.58,11.43,0.93,0.18,3.62,44.0,0.04,2025-01-23,45,Junior Yearling Bull,,2025
300,15,10,1,12,14,"SWM American Creed (ET,PV,D)",2023-03-02,693.0,1197.0,1.66,13.36,1.12,0.17,1.93,37.0,0.03,2025-01-23,38,Junior Yearling Bull,,2025
301,3,8,2,25,30,GNH Saint Valentine (D),2023-02-15,708.0,1304.0,1.77,12.73,0.98,0.18,2.18,41.0,0.04,2025-01-23,38,Junior Yearling Bull,,2025
302,21,2,10,3,3,SFF Quartermaster (D),2022-04-05,657.0,993.0,1.44,11.44,1.15,0.15,2.71,33.0,0.05,2024-01-22,36,Junior Yearling Bull,,2024
303,6,6,3,15,11,"MHH Executive Order (AI,D)",2020-03-27,668.0,1179.0,1.69,12.42,1.05,0.14,2.37,39.0,0.06,2022-01-24,30,Junior Yearling Bull,,2022
304,49,52,37,36,42,FPH Jasper (D),2015-04-02,1026.0,1831.0,1.74,24.69,1.35,0.24,4.63,36.5,0.04,2018-01-22,174,Senior Bull,,2018
305,44,50,33,46,38,Trafalgar Yann (D),2011-05-25,974.0,1809.0,1.81,21.941,1.21,0.29,4.36,41.0,0.04,2014-01-23,173,Senior Bull,,2014
306,46,47,45,28,25,STR Special Edition (D),2015-04-27,1001.0,1715.0,1.66,21.01,1.23,0.58,4.91,40.0,0.04,2018-01-22,166,Senior Bull,,2018
307,21,46,41,49,51,J Bar T's Myster Steel (D),2016-04-19,1007.0,1955.0,1.89,20.99,1.07,0.58,4.87,44.0,0.04,2019-01-21,157,Senior Bull,,2019
308,26,43,51,32,39,Basswood4 of Dundonald (D),2013-03-24,1033.0,1810.0,1.7,20.13,1.11,0.27,5.36,39.0,0.04,2016-01-21,152,Senior Bull,,2016
309,47,51,35,17,34,Finley Falls Duncan (D),2015-01-09,1109.0,1776.0,1.56,22.2,1.25,0.35,4.44,41.5,0.04,2018-01-22,150,Senior Bull,,2018
310,19,34,46,45,33,Shat Acres Raisin Cain (D),2013-06-01,964.0,1774.0,1.79,18.67,1.05,0.19,4.99,42.0,0.04,2016-01-21,144,Senior Bull,,2016
311,42,37,50,13,17,Twinflower Joseph (D),2013-04-07,1019.0,1578.0,1.5,18.88,1.2,0.16,5.35,43.0,0.04,2016-01-21,142,Senior Bull,,2016
312,35,31,32,43,18,"Summit Ranch Fritz (ET,D)",2017-09-02,870.0,1595.0,1.78,18.33,1.15,0.39,4.25,38.0,0.04,2020-01-20,141,Senior Bull,,2020
313,48,49,29,14,23,Almosta Farm's Brogan (D),2015-03-17,1042.0,1632.0,1.52,21.84,1.34,0.18,4.09,43.0,0.04,2018-01-22,140,Senior Bull,,2018
314,10,29,49,50,48,STR Revolution (D),2016-05-29,967.0,1902.0,1.92,18.29,0.96,0.41,5.34,45.25,0.05,2019-01-21,138,Senior Bull,,2019
315,17,39,42,40,46,SC Finnegan (D),2017-03-23,1033.0,1875.0,1.77,19.55,1.04,0.4,4.87,45.0,0.04,2020-01-20,138,Senior Bull,,2020
316,39,45,38,15,29,"BRF Bernie (ET,D)",2013-01-10,1106.0,1742.0,1.53,20.54,1.18,0.16,4.75,38.0,0.03,2016-01-21,137,Senior Bull,,2016
317,30,42,43,18,35,"STR Armageddon (ET,D)",2017-01-03,1112.0,1780.0,1.56,19.88,1.12,0.33,4.88,40.0,0.04,2020-01-20,133,Senior Bull,,2020
318,13,35,40,41,43,Spring Creek Easton (D),2016-04-20,1006.0,1837.0,1.78,18.8,1.02,0.39,4.84,42.0,0.04,2019-01-21,129,Senior Bull,,2019
319,24,24,48,33,22,Clearwater's Ferb (D),2013-07-12,923.0,1623.0,1.7,17.65,1.09,0.3,5.3,38.0,0.04,2016-01-21,129,Senior Bull,,2016
320,15,32,28,52,37,"Howling Springs King Maker  (ET,D)",2019-11-12,804.0,1791.0,2.17,18.36,1.03,0.32,4.09,45.0,0.06,2022-01-24,127,Senior Bull,,2022
321,28,38,44,16,28,"BRF E.E.E. (Triple E) (ET,D)",2016-01-26,1091.0,1739.0,1.55,19.41,1.12,0.34,4.89,43.5,0.04,2019-01-21,126,Senior Bull,,2019
322,50,44,25,6,12,BRF Yukon (D),2011-03-04,1056.0,1491.0,1.36,20.34,1.36,0.544,3.78,40.0,0.04,2014-01-23,125,Senior Bull,,2014
323,51,48,6,11,14,"Defiance of Dundonald (AI,D)",2015-04-25,1003.0,1535.0,1.48,21.61,1.41,0.25,2.61,43.0,0.04,2018-01-22,116,Senior Bull,,2018
324,32,41,14,29,30,Highland Spice Hickory (D),2019-04-08,1022.0,1743.0,1.66,19.74,1.13,0.24,3.31,43.0,0.04,2022-01-24,116,Senior Bull,,2022
325,27,36,30,23,24,CBS Yaz's Yukon Jack (D),2012-04-20,1007.0,1703.0,1.64,18.86,1.11,0.25,4.15,42.0,0.04,2015-01-22,116,Senior Bull,,2015
326,2,20,52,42,52,"STR Dawson (ET,PV,D)",2023-01-11,1107.0,2022.0,1.78,17.3,0.86,0.48,6.44,46.0,0.03,2026-01-22,116,Senior Bull,,2026
327,11,30,27,44,41,"STR Encore (ET,PV,D)",2020-05-04,994.0,1822.0,1.78,18.31,1.0,0.34,4.09,42.0,0.04,2023-01-23,112,Senior Bull,,2023
328,16,25,47,24,26,"STR Burning It Down (ET,D)",2017-04-06,1019.0,1723.0,1.64,17.77,1.03,0.25,5.28,46.0,0.05,2020-01-20,112,Senior Bull,,2020
329,36,26,39,10,16,LEA Haaken (D),2011-04-10,1019.0,1555.0,1.48,17.939,1.15,0.53,4.768,43.0,0.04,2014-01-23,111,Senior Bull,,2014
330,25,40,19,22,36,JBTs William The Head (D),2017-02-18,1066.0,1790.0,1.63,19.73,1.1,0.25,3.56,40.0,0.04,2020-01-20,106,Senior Bull,,2020
331,14,33,12,47,40,Trafalgar Blain (D),2013-06-06,959.0,1813.0,1.84,18.49,1.02,0.19,3.11,43.0,0.04,2016-01-21,106,Senior Bull,,2016
332,41,28,26,8,13,"Summit Ranch York (ET,D)",2011-05-04,995.0,1505.0,1.46,18.067,1.2,0.401,3.98,44.0,0.04,2014-01-23,103,Senior Bull,,2014
333,23,9,34,35,10,Kesabe's Homebrew (D),2021-10-26,818.0,1468.0,1.73,15.83,1.08,0.25,4.37,39.0,0.05,2024-01-22,101,Senior Bull,,2024
334,33,21,7,39,15,"TC Murdach (AI,D)",2023-10-02,843.0,1543.0,1.77,17.39,1.13,0.23,2.72,42.0,0.03,2026-01-22,100,Senior Bull,,2026
335,9,23,15,48,44,Trafalgar Killian (D),2021-05-28,969.0,1840.0,1.85,17.48,0.95,0.25,3.42,40.0,0.04,2024-01-22,95,Senior Bull,,2024
336,8,12,24,51,32,"WL Lincoln (ET,D)",2022-09-12,864.0,1764.0,1.98,16.5,0.94,0.4,3.68,44.0,0.03,2025-01-23,95,Senior Bull,,2025
337,5,18,31,38,47,Howling Springs Barron the Bull (D),2022-03-17,1043.0,1891.0,1.77,17.1,0.9,0.26,4.22,46.0,0.03,2025-01-23,92,Senior Bull,,2025
338,45,19,20,7,9,RAM Zander (D),2013-06-26,939.0,1397.0,1.43,17.17,1.23,0.21,3.56,38.0,0.04,2016-01-21,91,Senior Bull,,2016
339,7,27,23,31,49,"Howling Springs Natural Mystic (ET,PV,D)",2022-01-01,1118.0,1925.0,1.68,18.01,0.94,0.27,3.67,45.0,0.03,2025-01-23,88,Senior Bull,,2025
340,38,11,9,30,7,"Kesabe's Moonshine Road (PV,D)",2023-11-09,805.0,1386.0,1.66,16.38,1.18,0.25,3.01,35.0,0.02,2026-01-22,88,Senior Bull,,2026
341,43,13,4,27,5,"Gryphon Epsilon Rampion (PV,D)",2022-11-22,793.0,1360.0,1.65,16.52,1.21,0.19,2.41,40.0,0.03,2025-01-23,87,Senior Bull,,2025
342,12,22,17,34,31,"SkyeHigh HamishMacbeth (ET,D)",2012-05-09,988.0,1744.0,1.71,17.4,1.0,0.28,3.46,39.0,0.04,2015-01-22,85,Senior Bull,,2015
343,29,14,16,26,11,TJH Big Chungus (D),2022-09-10,866.0,1474.0,1.64,16.57,1.12,0.28,3.43,38.0,0.03,2025-01-23,85,Senior Bull,,2025
344,22,17,13,25,19,Silva's Rockstar (D),2019-06-28,941.0,1596.0,1.64,17.03,1.07,0.36,3.3,43.0,0.05,2022-01-24,77,Senior Bull,,2022
345,37,7,21,9,4,LEA Illya (D),2012-09-16,858.0,1324.0,1.48,15.56,1.18,0.12,3.62,35.0,0.04,2015-01-22,74,Senior Bull,,2015
346,34,8,22,3,6,"MTC Fearghus of Tranquility (AI,PV,D)",2022-03-06,1054.0,1368.0,1.25,15.76,1.15,0.22,3.66,35.0,0.02,2025-01-23,67,Senior Bull,,2025
347,3,3,36,20,21,"HC Cease & Desist (AI,PV,D)",2023-05-05,993.0,1620.0,1.58,14.17,0.87,0.2,4.49,41.0,0.03,2026-01-22,62,Senior Bull,,2026
348,52,2,5,2,2,PGH Jonny Walker (D),2020-11-05,809.0,923.0,1.08,13.24,1.43,0.11,2.47,37.0,0.05,2023-01-23,61,Senior Bull,,2023
349,31,5,18,4,3,"RSO Tahonta (PV,D)",2021-05-23,974.0,1311.0,1.29,14.85,1.13,0.11,3.55,41.5,0.04,2024-01-22,58,Senior Bull,,2024
350,18,15,2,19,20,"GRZ Blueberry Hill (AI,D)",2023-05-09,989.0,1600.0,1.57,16.74,1.05,0.26,2.24,42.0,0.03,2026-01-22,54,Senior Bull,,2026
351,6,16,8,21,45,"Trafalgar Maddox (ET,PV,D)",2023-01-03,1115.0,1867.0,1.63,16.79,0.9,0.42,2.91,39.0,0.02,2026-01-22,51,Senior Bull,,2026
352,1,10,1,37,50,Viking Fold Haakon (D),2019-02-07,1082.0,1943.0,1.75,16.16,0.83,0.31,2.0,44.0,0.04,2022-01-24,49,Senior Bull,,2022
353,40,1,3,1,1,CRR Antarctic Rebel (D),2015-06-24,943.0,821.0,0.82,9.79,1.19,0.11,2.38,33.5,0.04,2018-01-22,45,Senior Bull,,2018
354,20,4,10,5,8,Dundonald`s Chance (D),2012-03-28,1030.0,1391.0,1.3,14.77,1.06,0.19,3.06,38.0,0.04,2015-01-22,39,Senior Bull,,2015
355,4,6,11,12,27,"STR Homeland (PV,D)",2020-01-05,1114.0,1724.0,1.5,15.42,0.89,0.32,3.08,40.0,0.04,2023-01-23,33,Senior Bull,,2023
